rule,iteration,angle_to_maxmargin_deg,angle_to_active_deg,tau,t_times_tau
gd,1,11.309932474020162,0.0,,
gd,2,10.642812747379914,0.6671197266402251,,
gd,3,9.997656350019673,1.3122761240003449,,
gd,4,9.382517497119128,1.9274149769009088,,
gd,5,8.801433191328188,2.5084992826918127,,
gd,6,8.255827732990754,3.0541047410291435,,
gd,7,7.745535191432616,3.564397282587382,,
gd,8,7.269464844611478,4.040467629408653,,
gd,9,6.8260164868645035,4.483915987155604,,
gd,10,6.413335726747303,4.896596747272981,,
gd,11,6.02946985756574,5.280462616454461,,
gd,12,5.672462238009001,5.637470236010988,,
gd,13,5.340408464142432,5.969524009877706,,
gd,14,5.0314886262449665,6.278443847775099,,
gd,15,4.743984506993373,6.56594796702668,,
gd,16,4.476287276990811,6.833645197029225,,
gd,17,4.226899217585527,7.083033256434522,,
gd,18,3.994431739225196,7.315500734794907,,
gd,20,3.5752232442840746,7.734709229736,,
gd,21,3.3862070039383476,7.923725470081695,,
gd,22,3.2095483750277536,8.100384098992329,,
gd,23,3.044323826020324,8.26560864799975,,
gd,25,2.744848749075044,8.56508372494498,,
gd,26,2.6090997233381588,8.700832750681831,,
gd,28,2.362273540532335,8.947658933487833,,
gd,29,2.2500305312333237,9.059901942786704,,
gd,31,2.0453093215433724,9.26462315247666,,
gd,33,1.8639659523959125,9.445966521624158,,
gd,35,1.7028997561882813,9.60703271783171,,
gd,37,1.5594686439527343,9.750463830067153,,
gd,39,1.4314156620723437,9.878516811947806,,
gd,42,1.264017877684263,10.045914596335614,,
gd,44,1.1665396961836614,10.143392777836569,,
gd,47,1.0381786142406884,10.27175385977915,,
gd,50,0.9279782442104201,10.38195422980914,,
gd,53,0.8329125002356604,10.47701997378424,,
gd,56,0.7505237237944906,10.559408750225328,,
gd,59,0.6788053184663408,10.631127155553706,,
gd,63,0.5969756876559263,10.712956786363621,,
gd,66,0.5442415736799864,10.765690900339548,,
gd,70,0.4834310143418726,10.826501459677981,,
gd,75,0.41990856387260567,10.890023910147184,,
gd,79,0.3771740443159955,10.932758429703881,,
gd,84,0.33186667256701563,10.978065801452992,,
gd,89,0.293861928842313,11.016070545178565,,
gd,94,0.2617322452399465,11.04820022877972,,
gd,100,0.22939024702418936,11.080542226994659,,
gd,106,0.20245867810587687,11.10747379591329,,
gd,112,0.179830022201219,11.13010245181466,,
gd,119,0.15775144667605273,11.15218102734406,,
gd,126,0.13936817959904596,11.170564294418327,,
gd,134,0.12191323881412343,11.188019235200773,,
gd,142,0.1074422070594297,11.202490266960124,,
gd,150,0.09532345959482237,11.214609014420802,,
gd,159,0.08391432649445346,11.226018147520511,,
gd,169,0.0734124234502527,11.236520050569764,,
gd,179,0.06470493760806381,11.245227536406912,,
gd,190,0.056747274760660875,11.253185199258931,,
gd,201,0.05012532847501094,11.259807145543883,,
gd,213,0.04409878807495372,11.265833685942958,,
gd,226,0.03867883779602635,11.271253636225646,,
gd,240,0.03385060382311718,11.27608187019549,,
gd,254,0.02984173603304382,11.280090737971845,,
gd,269,0.026260521487245496,11.283671952520663,,
gd,285,0.023081901850935362,11.286850572166387,,
gd,303,0.020125355793737504,11.289807118190495,,
gd,321,0.01768176548803971,11.292250708514329,,
gd,340,0.015537697272007408,11.294394776711686,,
gd,360,0.013660620068226477,11.29627185391243,,
gd,382,0.011948844287599417,11.297983629709242,,
gd,405,0.010468955197240788,11.299463518776712,,
gd,429,0.009188808359271527,11.300743665646731,,
gd,455,0.008040196315496831,11.301892277659295,,
gd,482,0.00705279718774917,11.302879676826729,,
gd,511,0.006174539237952111,11.303757934733769,,
gd,542,0.005398903727117716,11.304533570246564,,
gd,575,0.00471771685501111,11.305214757157419,,
gd,609,0.004137523012125914,11.305794950963762,,
gd,646,0.0036155627506074778,11.306316911186723,,
gd,684,0.0031723296875533612,11.30676014421297,,
gd,726,0.00276773888211655,11.307164734977563,,
gd,769,0.0024259540602745277,11.30750651993841,,
gd,815,0.0021235619639496067,11.307808911777915,,
gd,864,0.0018575738656295218,11.308074900103238,,
gd,916,0.001624650041886457,11.308307823874587,,
gd,971,0.001421359279024574,11.308511114114838,,
gd,1029,0.0012443545137605047,11.308688119274684,,
gd,1091,0.001088188688095579,11.308844284615503,,
gd,1157,0.0009511555727735416,11.308981318322662,,
gd,1226,0.0008329567263475973,11.309099516216047,,
gd,1300,0.0007283504896075846,11.309204123609991,,
gd,1378,0.0006374139331457461,11.309295059474419,,
gd,1460,0.0005584658658898323,11.3093740072341,,
gd,1548,0.0004885264155662867,11.30944394735229,,
gd,1641,0.0004275641820053179,11.309504909853313,,
gd,1739,0.00037453133832734834,11.309557941180854,,
gd,1844,0.00032764446637425414,11.309604827857097,,
gd,1954,0.000287106699127457,11.309645366256467,,
gd,2072,0.0002512141000089871,11.309681258998886,,
gd,2196,0.00022008986349254892,11.309712382672236,,
gd,2328,0.00019273739147366442,11.309739736681758,,
gd,2468,0.00016879258293566528,11.309763680611411,,
gd,2616,0.00014789518476643394,11.309784577765019,,
gd,2773,0.00012958529039604558,11.309802884610322,,
gd,2939,0.00011360002987965097,11.309818873840861,,
gd,3115,9.959188158145533e-05,11.309832881888934,,
gd,3302,8.728974410674588e-05,11.30984517867246,,
gd,3501,7.648782699021904e-05,11.309855985193403,,
gd,3711,6.706336286556692e-05,11.309865404500544,,
gd,3934,5.879271553431008e-05,11.309873669601716,,
gd,4170,5.156679739517735e-05,11.309880898125833,,
gd,4420,4.5233891446213415e-05,11.309887228418024,,
gd,4685,3.96889974394917e-05,11.309892776691456,,
gd,4966,3.48168013624622e-05,11.309897641745373,,
gd,5265,3.054553456666312e-05,11.309901921438634,,
gd,5581,2.682262769242261e-05,11.309905660975236,,
gd,5916,2.3521425216738414e-05,11.30990894003206,,
gd,6271,2.063237243740307e-05,11.309911814605165,,
gd,6647,1.8131386516320817e-05,11.30991433388932,,
gd,7046,1.5926940848252804e-05,11.309916546235236,,
gd,7469,1.392462677356116e-05,11.30991848720828,,
gd,7917,1.2283663699401133e-05,11.309920188758557,,
gd,8392,1.079947731352768e-05,11.309921682347191,,
gd,8896,9.430238149809192e-06,11.309922994384737,,
gd,9430,8.321556147031972e-06,11.30992414537684,,
gd,9996,7.244509618354405e-06,11.309925155661322,,
gd,10596,6.331754823653221e-06,11.309926042680377,,
gd,11232,5.533085616490783e-06,11.30992682151969,,
gd,11906,4.829673078902934e-06,11.309927505314239,,
gd,12621,4.26886823125797e-06,11.309928106323467,,
gd,13378,3.818191820832846e-06,11.309928633615522,,
gd,14182,3.1945284701301985e-06,11.309929097720872,,
gd,15033,2.831646840510158e-06,11.30992950484646,,
gd,15935,2.4148365394514667e-06,11.309929862580468,,
gd,16892,2.2588727439225506e-06,11.309930177238078,,
gd,17905,1.9090959104164224e-06,11.309930453409228,,
gd,18980,1.4787793334710982e-06,11.309930696451573,,
gd,20119,1.2074182697257333e-06,11.309930910012934,,
gd,21327,8.537736462515939e-07,11.30993109787405,,
gd,22607,0.0,11.30993126299154,,
gd,23964,0.0,11.309931408214048,,
gd,25402,0.0,11.309931535898137,,
gd,26927,0.0,11.309931648257848,,
gd,28543,0.0,11.309931747064093,,
gd,30257,0.0,11.309931834038121,,
gd,32073,0.0,11.309931910521952,,
gd,33998,8.537736462515939e-07,11.30993197782302,,
gd,36039,0.0,11.309932037061552,,
gd,38202,0.0,11.309932089184398,,
gd,40495,0.0,11.309932135065438,,
gd,42925,0.0,11.309932175442931,,
gd,45502,0.0,11.309932211004673,,
gd,48233,0.0,11.30993224230557,,
gd,51128,0.0,11.309932269866596,,
gd,54197,0.0,11.309932294137534,,
gd,57450,0.0,11.309932315510045,,
gd,60899,0.0,11.309932334336763,,
gd,64554,0.0,11.309932350914279,,
gd,68429,0.0,11.309932365518815,,
gd,72536,0.0,11.309932378382443,,
gd,76890,0.0,11.309932389716383,,
gd,81505,0.0,11.309932399701498,,
gd,86397,0.0,11.309932408499606,,
gd,91583,0.0,11.309932416253002,,
gd,97080,0.0,11.309932423085362,,
gd,102907,0.0,11.309932429106542,,
gd,109084,0.0,11.309932434413918,,
gd,115631,0.0,11.30993243909127,,
gd,122572,0.0,11.30993244321485,,
gd,129929,0.0,11.309932446850048,,
gd,137728,0.0,11.30993245005496,,
gd,145995,0.0,11.309932452880572,,
gd,154758,0.0,11.309932455371806,,
gd,164047,0.0,11.30993245756856,,
gd,173894,0.0,11.309932459505701,,
gd,184331,0.0,11.309932461213814,,
gd,195395,0.0,11.309932462720473,,
gd,207124,0.0,11.309932464049545,,
gd,219556,0.0,11.309932465221763,,
gd,232734,0.0,11.309932466255608,,
gd,246704,0.0,11.309932467167725,,
gd,261512,0.0,11.309932467972319,,
gd,277208,0.0,11.309932468682169,,
gd,293847,0.0,11.309932469308787,,
gd,311485,0.0,11.309932469861488,,
gd,330181,0.0,11.309932470349024,,
gd,350000,0.0,11.309932470779442,,
fixed,1,11.309932474020162,0.0,0.2,0.2
fixed,2,11.309932474020162,0.0,0.2,0.4
fixed,3,11.309932474020162,0.0,0.2,0.6000000000000001
fixed,4,11.309932474020162,0.0,0.2,0.8
fixed,5,11.309932474020162,0.0,0.2,1.0
fixed,6,11.309932474020162,0.0,0.2,1.2000000000000002
fixed,7,11.309932474020162,0.0,0.2,1.4000000000000001
fixed,8,11.309932474020162,0.0,0.2,1.6
fixed,9,11.309932474020162,0.0,0.2,1.8
fixed,10,11.309932474020162,0.0,0.2,2.0
fixed,11,11.303207385663049,0.006725088358480866,0.2,2.2
fixed,12,11.280388783404165,0.029543690604914505,0.2,2.4000000000000004
fixed,13,11.247075965165166,0.06285650885139427,0.2,2.6
fixed,14,11.206679385859887,0.10325308815898399,0.2,2.8000000000000003
fixed,15,11.161385012455593,0.14854746156019885,0.2,3.0
fixed,16,11.112651585722872,0.19728088829580717,0.2,3.2
fixed,17,11.06148473877384,0.24844773524364677,0.2,3.4000000000000004
fixed,18,11.00859648124817,0.3013359927725451,0.2,3.6
fixed,20,10.89958198212488,0.41035049189589884,0.2,4.0
fixed,21,10.84412042567646,0.4658120483429817,0.2,4.2
fixed,22,10.78833352347972,0.5215989505400095,0.2,4.4
fixed,23,10.732386964013573,0.5775455100058223,0.2,4.6000000000000005
fixed,25,10.620499703129267,0.6894327708905092,0.2,5.0
fixed,26,10.56473750040348,0.7451949736162459,0.2,5.2
fixed,28,10.442085258887765,0.8678472151328059,0.2,5.6000000000000005
fixed,29,10.363235087018618,0.9466973870012905,0.2,5.800000000000001
fixed,31,10.176424458135854,1.1335080158841393,0.2,6.2
fixed,33,9.95889261932626,1.351039854693738,0.2,6.6000000000000005
fixed,35,9.718131824328399,1.59180064969159,0.2,7.0
fixed,37,9.459796905438438,1.8501355685814431,0.2,7.4
fixed,39,9.188233240759228,2.121699233261128,0.2,7.800000000000001
fixed,42,8.763300978274266,2.546631495745777,0.2,8.4
fixed,44,8.471992629642102,2.8379398443779227,0.2,8.8
fixed,47,8.027826303146167,3.2821061708739085,0.2,9.4
fixed,50,7.579358735193847,3.73057373882632,0.2,10.0
fixed,53,7.130306289175499,4.179626184844566,0.2,10.600000000000001
fixed,56,6.683447263081789,4.626485210938325,0.2,11.200000000000001
fixed,59,6.2408730855670775,5.069059388453021,0.2,11.8
fixed,63,5.66011018453355,5.64982228948649,0.2,12.600000000000001
fixed,66,5.233014051765986,6.076918422254079,0.2,13.200000000000001
fixed,70,4.676391754476699,6.633540719543544,0.2,14.0
fixed,75,4.0030245172323955,7.3069079567878426,0.2,15.0
fixed,79,3.4832133237569995,7.826719150262978,0.2,15.8
fixed,84,2.857686553088269,8.452245920931972,0.2,16.8
fixed,89,2.259246404461143,9.050686069558932,0.2,17.8
fixed,94,1.7523041438536349,9.557628330166155,0.2,18.8
fixed,100,1.312751996724507,9.997180477295565,0.2,20.0
fixed,106,1.0001717646402095,10.309760709379278,0.2,21.200000000000003
fixed,112,0.7744319410048822,10.535500533014734,0.2,22.400000000000002
fixed,119,0.5859576081439544,10.723974865875848,0.2,23.8
fixed,126,0.4523427097065428,10.857589764314445,0.2,25.200000000000003
fixed,134,0.3444301021323991,10.965502371887595,0.2,26.8
fixed,142,0.2684163681361267,11.041516105882954,0.2,28.400000000000002
fixed,150,0.21371584808163127,11.096216625936684,0.2,30.0
fixed,159,0.1693004303477629,11.14063204367218,0.2,31.8
fixed,169,0.13413418408968772,11.175798289928869,0.2,33.800000000000004
fixed,179,0.10885776965569943,11.201074704361057,0.2,35.800000000000004
fixed,190,0.08860915393330393,11.221323320080767,0.2,38.0
fixed,201,0.07367360040022475,11.236258873615583,0.2,40.2
fixed,213,0.061465864605700166,11.248466609404757,0.2,42.6
fixed,226,0.051514446900649456,11.258418027110302,0.2,45.2
fixed,240,0.043391456384182896,11.266541017636225,0.2,48.0
fixed,254,0.03712629767901854,11.272806176334257,0.2,50.800000000000004
fixed,269,0.03186083583757244,11.278071638177495,0.2,53.800000000000004
fixed,285,0.027423438359560043,11.282509035652232,0.2,57.0
fixed,303,0.023475410131492108,11.286457063883992,0.2,60.6
fixed,321,0.020329991409510886,11.289602482578031,0.2,64.2
fixed,340,0.01764953323928022,11.29228294076392,0.2,68.0
fixed,360,0.015358556451266403,11.294573917534708,0.2,72.0
fixed,382,0.01331109842650013,11.296621375551267,0.2,76.4
fixed,405,0.011570898953646254,11.298361575032725,0.2,81.0
fixed,429,0.010086656901315204,11.299845817077031,0.2,85.80000000000001
fixed,455,0.008770833048866127,11.301161640947214,0.2,91.0
fixed,482,0.007651361851851047,11.302281112068588,0.2,96.4
fixed,511,0.006664554133297722,11.30326791985951,0.2,102.2
fixed,542,0.005800025792894044,11.304132448077779,0.2,108.4
fixed,575,0.005046226302962581,11.30488624765901,0.2,115.0
fixed,609,0.004408302127455309,11.305524171824612,0.2,121.80000000000001
fixed,646,0.003837750908007535,11.306094723089094,0.2,129.20000000000002
fixed,684,0.003355847759817154,11.30657662608608,0.2,136.8
fixed,726,0.0029181407466185388,11.307014333232555,0.2,145.20000000000002
fixed,769,0.002550093111983004,11.307382380775003,0.2,153.8
fixed,815,0.00222585322976622,11.307706620720737,0.2,163.0
fixed,864,0.0019417926825954159,11.307990681114278,0.2,172.8
fixed,916,0.0016939835204335244,11.308238490329675,0.2,183.20000000000002
fixed,971,0.0014784692502680635,11.308454004758977,0.2,194.20000000000002
fixed,1029,0.0012914446135394585,11.308641029355936,0.2,205.8
fixed,1091,0.0011269569578761245,11.308805516918138,0.2,218.20000000000002
fixed,1157,0.0009830494504583782,11.308949424059715,0.2,231.4
fixed,1226,0.0008592696268821214,11.309073204221319,0.2,245.20000000000002
fixed,1300,0.0007500098986749247,11.309182464256,0.2,260.0
fixed,1378,0.0006552650161730828,11.309277208554805,0.2,275.6
fixed,1460,0.0005732013975394042,11.309359271075559,0.2,292.0
fixed,1548,0.0005006630868828649,11.309431810509578,0.2,309.6
fixed,1641,0.0004375671148911529,11.30949490667705,0.2,328.20000000000005
fixed,1739,0.00038278682211893427,11.309549686460471,0.2,347.8
fixed,1844,0.0003344439632601659,11.309598029230685,0.2,368.8
fixed,1954,0.0002927186323070751,11.30963975348812,0.2,390.8
fixed,2072,0.0002558359478060628,11.309676635292066,0.2,414.40000000000003
fixed,2196,0.0002239036647735995,11.309708566781078,0.2,439.20000000000005
fixed,2328,0.00019588291589961207,11.309736589633623,0.2,465.6
fixed,2468,0.0001713874838042866,11.309761085037742,0.2,493.6
fixed,2616,0.00015003599213606338,11.309782435590146,0.2,523.2
fixed,2773,0.0001313563426385466,11.309801116638324,0.2,554.6
fixed,2939,0.00011505688828703927,11.309817413797433,0.2,587.8000000000001
fixed,3115,0.00010079230918981804,11.309831676040925,0.2,623.0
fixed,3302,8.828613986118854e-05,11.309844183068867,0.2,660.4000000000001
fixed,3501,7.730777755593905e-05,11.30985516364685,0.2,700.2
fixed,3711,6.774466582807072e-05,11.30986472588018,0.2,742.2
fixed,3934,5.935415721624214e-05,11.30987310914333,0.2,786.8000000000001
fixed,4170,5.203118234839089e-05,11.309880435036847,0.2,834.0
fixed,4420,4.561900424649186e-05,11.309886845677795,0.2,884.0
fixed,4685,3.999088882783295e-05,11.309892460312179,0.2,937.0
fixed,4966,3.508791561959799e-05,11.30989738019971,0.2,993.2
fixed,5265,3.075955805706284e-05,11.309901705342936,0.2,1053.0
fixed,5581,2.699869328381941e-05,11.309905482299081,0.2,1116.2
fixed,5916,2.367586827588284e-05,11.309908792275795,0.2,1183.2
fixed,6271,2.0790746916525475e-05,11.309911692392593,0.2,1254.2
fixed,6647,1.8211614282110064e-05,11.30991423277404,0.2,1329.4
fixed,7046,1.599544413577957e-05,11.309916462580537,0.2,1409.2
fixed,7469,1.4054888045735014e-05,11.309918417990296,0.2,1493.8000000000002
fixed,7917,1.2313298636799924e-05,11.309920131467972,0.2,1583.4
fixed,8392,1.0833173112455685e-05,11.309921634924324,0.2,1678.4
fixed,8896,9.468807791963592e-06,11.309922955131455,0.2,1779.2
fixed,9430,8.321556147031972e-06,11.309924112878146,0.2,1886.0
fixed,9996,7.294645231227028e-06,11.30992512875074,0.2,1999.2
fixed,10596,6.445849674396954e-06,11.309926020394053,0.2,2119.2000000000003
fixed,11232,5.663293681020318e-06,11.309926803060423,0.2,2246.4
fixed,11906,4.90455619685548e-06,11.309927490022163,0.2,2381.2000000000003
fixed,12621,4.353408482428142e-06,11.309928093655257,0.2,2524.2000000000003
fixed,13378,3.7215130446689415e-06,11.30992862311721,0.2,2675.6000000000004
fixed,14182,3.306651113363206e-06,11.309929089022726,0.2,2836.4
fixed,15033,2.831646840510158e-06,11.309929497637004,0.2,3006.6000000000004
fixed,15935,2.561320938754782e-06,11.309929856604047,0.2,3187.0
fixed,16892,2.2588727439225506e-06,11.309930172283986,0.2,3378.4
fixed,17905,1.7075472925031877e-06,11.30993044930102,0.2,3581.0
fixed,18980,1.4787793334710982e-06,11.309930693045203,0.2,3796.0
fixed,20119,1.4787793334710982e-06,11.309930907187807,0.2,4023.8
fixed,21327,8.537736462515939e-07,11.309931095531045,0.2,4265.400000000001
fixed,22607,8.537736462515939e-07,11.309931261047977,0.2,4521.400000000001
fixed,23964,8.537736462515939e-07,11.309931406601716,0.2,4792.8
fixed,25402,0.0,11.309931534560306,0.2,5080.400000000001
fixed,26927,8.537736462515939e-07,11.309931647147843,0.2,5385.400000000001
fixed,28543,0.0,11.30993174614283,0.2,5708.6
fixed,30257,0.0,11.30993183327362,0.2,6051.400000000001
fixed,32073,0.0,11.30993190988745,0.2,6414.6
fixed,33998,0.0,11.309931977296268,0.2,6799.6
fixed,36039,0.0,11.30993203662429,0.2,7207.8
fixed,38202,0.0,11.309932088821348,0.2,7640.400000000001
fixed,40495,0.0,11.30993213476408,0.2,8099.0
fixed,42925,0.0,11.309932175192692,0.2,8585.0
fixed,45502,0.0,11.309932210796893,0.2,9100.4
fixed,48233,0.0,11.309932242132914,0.2,9646.6
fixed,51128,0.0,11.309932269723197,0.2,10225.6
fixed,54197,0.0,11.309932294018495,0.2,10839.400000000001
fixed,57450,0.0,11.309932315411148,0.2,11490.0
fixed,60899,0.0,11.309932334254603,0.2,12179.800000000001
fixed,64554,0.0,11.309932350845905,0.2,12910.800000000001
fixed,68429,0.0,11.30993236546202,0.2,13685.800000000001
fixed,72536,0.0,11.309932378335215,0.2,14507.2
fixed,76890,0.0,11.30993238967717,0.2,15378.0
fixed,81505,0.0,11.3099323996689,0.2,16301.0
fixed,86397,0.0,11.309932408472653,0.2,17279.4
fixed,91583,0.0,11.309932416230525,0.2,18316.600000000002
fixed,97080,0.0,11.309932423066485,0.2,19416.0
fixed,102907,0.0,11.309932429090974,0.2,20581.4
fixed,109084,0.0,11.309932434400913,0.2,21816.800000000003
fixed,115631,0.0,11.3099324390805,0.2,23126.2
fixed,122572,0.0,11.309932443206058,0.2,24514.4
fixed,129929,0.0,11.309932446842556,0.2,25985.800000000003
fixed,137728,0.0,11.309932450048569,0.2,27545.600000000002
fixed,145995,0.0,11.309932452875318,0.2,29199.0
fixed,154758,0.0,11.309932455367525,0.2,30951.600000000002
fixed,164047,0.0,11.30993245756509,0.2,32809.4
fixed,173894,0.0,11.309932459502782,0.2,34778.8
fixed,184331,0.0,11.309932461211577,0.2,36866.200000000004
fixed,195395,0.0,11.309932462718786,0.2,39079.0
fixed,207124,0.0,11.30993246404799,0.2,41424.8
fixed,219556,0.0,11.309932465220239,0.2,43911.200000000004
fixed,232734,0.0,11.30993246625441,0.2,46546.8
fixed,246704,0.0,11.30993246716669,0.2,49340.8
fixed,261512,0.0,11.30993246797154,0.2,52302.4
fixed,277208,0.0,11.309932468681454,0.2,55441.600000000006
fixed,293847,0.0,11.309932469307913,0.2,58769.4
fixed,311485,0.0,11.309932469860708,0.2,62297.0
fixed,330181,0.0,11.309932470348441,0.2,66036.2
fixed,350000,0.0,11.309932470778891,0.2,70000.0
type1,1,11.309932474020162,0.0,0.5,0.5
type1,2,11.309932474020195,0.0,0.4113334789445748,0.8226669578891496
type1,3,11.309932474020162,0.0,0.3422964551942977,1.026889365582893
type1,4,11.309932474020162,0.0,0.28945766761396735,1.1578306704558694
type1,5,11.309932474020195,0.0,0.24881071559963217,1.2440535779981607
type1,6,11.309932474020195,0.0,0.21709031610507254,1.3025418966304352
type1,7,11.309932474020227,8.537736462515939e-07,0.1919069118163146,1.3433483827142023
type1,8,11.309932474020162,0.0,0.17156719179381894,1.3725375343505515
type1,9,11.309932474020195,0.0,0.15487441215512224,1.3938697093961
type1,10,11.309932474020195,0.0,0.14097457356388748,1.4097457356388747
type1,11,11.309932474020162,0.0,0.12924929995472542,1.4217422995019797
type1,12,11.309932474020162,0.0,0.11924352096323741,1.430922251558849
type1,13,11.309932474020195,0.0,0.11061686654587925,1.4380192650964303
type1,14,11.309932474020195,0.0,0.10311076615308722,1.443550726143221
type1,15,11.309932474020162,0.0,0.0965259043357001,1.4478885650355016
type1,16,11.309932474020162,0.0,0.09070654973146039,1.4513047957033662
type1,17,11.309932474020162,0.0,0.08552949777945454,1.4540014622507271
type1,18,11.309932474020162,0.0,0.08089615249009306,1.4561307448216751
type1,20,11.309932474020162,0.0,0.07295624654779093,1.4591249309558185
type1,21,11.309932474020195,0.0,0.06953091366309702,1.4601491869250374
type1,22,11.309932474020195,0.0,0.0664062004579486,1.460936410074869
type1,23,11.309932474020227,8.537736462515939e-07,0.0635447908016058,1.4615301884369334
type1,25,11.309932474020195,0.0,0.05849080325471862,1.4622700813679657
type1,26,11.309932474020195,0.0,0.056248732652176676,1.4624670489565936
type1,28,11.309932474020195,0.0,0.052236026620633,1.4626087453777241
type1,29,11.309932474020162,0.0,0.050433836563796804,1.4625812603501074
type1,31,11.309932474020195,0.0,0.047173613129128086,1.4623820070029707
type1,33,11.309932474020195,0.0,0.0443042760100472,1.4620411083315576
type1,35,11.309932474020227,8.537736462515939e-07,0.04176009737698771,1.4616034081945697
type1,37,11.309932474020195,0.0,0.039489208240529004,1.4611007048995732
type1,39,11.309932474020195,0.0,0.03745014776276448,1.4605557627478147
type1,42,11.309932474020162,0.0,0.0347546138768439,1.4596937828274439
type1,44,11.309932474020162,0.0,0.03316148904647759,1.4591055180450139
type1,47,11.309932474020227,8.537736462515939e-07,0.0310259841742085,1.4582212561877996
type1,50,11.309932474020195,0.0,0.02914698094445668,1.4573490472228339
type1,53,11.309932474020162,0.0,0.027481115077613572,1.4564990991135194
type1,56,11.309932474020162,0.0,0.02599423882968287,1.4556773744622407
type1,59,11.309932474020195,0.0,0.02465910328749346,1.4548870939621141
type1,63,11.309932474020162,0.0,0.02307753365763132,1.4538846204307734
type1,66,11.309932474020195,0.0,0.02201774847884216,1.4531713996035827
type1,70,11.309932474020195,0.0,0.020746725663107164,1.4522707964175015
type1,75,11.309932474020195,0.0,0.019349631183771483,1.4512223387828613
type1,79,11.309932474020195,0.0,0.018360020054299087,1.4504415842896279
type1,84,11.309932474020195,0.0,0.017256341028660534,1.449532646407485
type1,89,11.309932474020162,0.0,0.0162774392041958,1.4486920891734263
type1,94,11.309932474020195,0.0,0.015403337599643909,1.4479137343665274
type1,100,11.309932474020227,8.537736462515939e-07,0.014470538126080313,1.4470538126080312
type1,106,11.309932474020195,0.0,0.013644022396680026,1.4462663740480828
type1,112,11.309932474020195,0.0,0.012906638962809401,1.445543563834653
type1,119,11.309932474020195,0.0,0.012140948039537278,1.444772816704936
type1,126,11.30993247402013,0.0,0.011460882474434836,1.4440711917787892
type1,134,11.309932474020162,0.0,0.0107712208825472,1.4433435982613247
type1,142,11.309932474020162,0.0,0.010159756303235538,1.4426853950594465
type1,150,11.309932474020195,0.0,0.00961391931733444,1.442087897600166
type1,159,11.309932474020162,0.0,0.009065906736248698,1.4414791710635428
type1,169,11.309932474020195,0.0,0.008525866141074286,1.4408713778415543
type1,179,11.309932474020195,0.0,0.008046514529435316,1.4403261007689216
type1,190,11.309932474020195,0.0,0.007577834817258572,1.4397886152791286
type1,201,11.309932474020195,0.0,0.007160734188029194,1.439307571793868
type1,213,11.309932474020195,0.0,0.00675510942950087,1.4388383084836853
type1,226,11.309932474020195,0.0,0.006364540765152843,1.4383862129245426
type1,240,11.309932474020162,0.0,0.005991480782289277,1.4379553877494264
type1,254,11.309932474020195,0.0,0.005659741322142611,1.437574295824223
type1,269,11.309932474020162,0.0,0.005342799981159199,1.4372131949318245
type1,285,11.309932474020195,0.0,0.005041663451541612,1.4368740836893594
type1,303,11.309932474020195,0.0,0.004741059159850838,1.4365409254348038
type1,321,11.309932474020195,0.0,0.0044743028299471,1.4362512084130192
type1,340,11.309932474020195,0.0,0.004223486259547117,1.4359853282460198
type1,360,11.309932474020195,0.0,0.003988175189034271,1.4357430680523375
type1,382,11.309932474020162,0.0,0.0037578907804481695,1.4355142781312007
type1,405,11.309932474020195,0.0,0.003543977052617652,1.435310706310149
type1,429,11.309932474020195,0.0,0.003345293579854425,1.4351309457575483
type1,455,11.309932474020195,0.0,0.0031537754353470147,1.4349678230828917
type1,482,11.309932474020195,0.0,0.0029768207812923514,1.4348276165829135
type1,511,11.309932474020162,0.0,0.0028076413222985976,1.4347047156945834
type1,542,11.309932474020162,0.0,0.0026468630598966,1.4345997784639573
type1,575,11.309932474020195,0.0,0.0024948051977656295,1.434512988715237
type1,609,11.309932474020195,0.0,0.0023554118703242146,1.4344458290274467
type1,646,11.309932474020162,0.0,0.0022204240404660952,1.4343939301410975
type1,684,11.309932474020195,0.0,0.0020970169131815926,1.4343595686162094
type1,726,11.309932474020195,0.0,0.0019756747500436754,1.4343398685317084
type1,769,11.309932474020195,0.0,0.0018651962619633694,1.4343359254498311
type1,815,11.309932474020195,0.0,0.0017599342860507977,1.4343464431314001
type1,864,11.309932474020162,0.0,0.001660151814055283,1.4343711673437645
type1,916,11.309932474020162,0.0,0.0015659493586139294,1.4344096124903594
type1,971,11.309932474020195,0.0,0.0014773029087545735,1.4344611244006908
type1,1029,11.309932474020162,0.0,0.0013940961456584727,1.4345249338825685
type1,1091,11.309932474020162,0.0,0.0013149417901015827,1.4346014930008268
type1,1157,11.309932474020195,0.0,0.0012400088299379798,1.4346902162382427
type1,1226,11.309932474020195,0.0,0.0011703009093025096,1.4347889148048767
type1,1300,11.309932474020162,0.0,0.0011037689641519022,1.4348996533974727
type1,1378,11.309932474020195,0.0,0.0010413789398220012,1.4350201790747177
type1,1460,11.309932474020162,0.0,0.0009829791858423486,1.435149611329829
type1,1548,11.309932474020162,0.0,0.0009271901067377394,1.4352902852300204
type1,1641,11.309932474020195,0.0,0.0008747347743705737,1.4354397647421113
type1,1739,11.309932474020195,0.0,0.0008255302865270784,1.4355971682705895
type1,1844,11.309932474020195,0.0,0.000778614320067125,1.4357648062037784
type1,1954,11.309932474020162,0.0,0.0007348713318102694,1.4359385823572663
type1,2072,11.309932474020195,0.0,0.0006931092186195275,1.4361223009796609
type1,2196,11.309932474020195,0.0,0.0006540582405495799,1.4363118962468775
type1,2328,11.309932474020195,0.0,0.0006170573410775938,1.4365094900286381
type1,2468,11.309932474020195,0.0,0.0005821369857969196,1.4367140809467975
type1,2616,11.309932474020227,8.537736462515939e-07,0.0005492831432367581,1.436924702707359
type1,2773,11.309932474020195,0.0,0.0005182624597180101,1.437141800798042
type1,2939,11.309932474020195,0.0,0.0004890658014981859,1.4373643906031683
type1,3115,11.309932474020195,0.0,0.00046150652484930403,1.437592824905582
type1,3302,11.309932474020195,0.0,0.0004354413535427206,1.4378273493980633
type1,3501,11.309932474020162,0.0,0.0004107592416104516,1.4380681048781911
type1,3711,11.309932474020195,0.0,0.0003875809338878158,1.4383128456576846
type1,3934,11.309932474020195,0.0,0.0003656743480266741,1.438562885136936
type1,4170,11.309932474020195,0.0,0.0003450400868774829,1.4388171622791037
type1,4420,11.309932474020195,0.0,0.0003255827427010362,1.43907572273858
type1,4685,11.309932474020195,0.0,0.0003072227403708725,1.4393385386375377
type1,4966,11.309932474020195,0.0,0.0002898923714980989,1.4396055168595592
type1,5265,11.309932474020195,0.0,0.00027348098710334664,1.43987739709912
type1,5581,11.309932474020227,8.537736462515939e-07,0.00025804554084637906,1.4401521634636416
type1,5916,11.309932474020227,8.537736462515939e-07,0.00024348047808601714,1.4404305083568774
type1,6271,11.309932474020162,0.0,0.00022974201290902683,1.4407121629525073
type1,6647,11.309932474020195,0.0,0.00021678905287367742,1.4409968344513338
type1,7046,11.309932474020195,0.0,0.0002045536358355507,1.4412849180972902
type1,7469,11.309932474020162,0.0,0.00019300789846754657,1.4415759936541053
type1,7917,11.309932474020195,0.0,0.00018212323396742873,1.4418696433201332
type1,8392,11.309932474020195,0.0,0.0001718501031450773,1.4421660655934887
type1,8896,11.309932474020162,0.0,0.0001621476340151842,1.4424653521990787
type1,9430,11.309932474020162,0.0,0.00015299755596586933,1.4427669527581477
type1,9996,11.309932474020162,0.0,0.00014436483320157768,1.4430708726829704
type1,10596,11.309932474020195,0.0,0.00013621904936133496,1.4433770470327052
type1,11232,11.309932474020162,0.0,0.00012853324011601462,1.4436853529830762
type1,11906,11.309932474020162,0.0,0.00012128301874444209,1.4439956211713274
type1,12621,11.309932474020195,0.0,0.0001144368965783383,1.4443080717152077
type1,13378,11.309932474020162,0.0,0.0001079849007653274,1.4446220024385499
type1,14182,11.309932474020227,8.537736462515939e-07,0.00010188536977284997,1.4449383141185583
type1,15033,11.309932474020195,0.0,9.613888383367505e-05,1.445255840671637
type1,15935,11.309932474020227,8.537736462515939e-07,9.071697245313465e-05,1.4455749560407007
type1,16892,11.309932474020162,0.0,8.559648914942857e-05,1.4458958947121474
type1,17905,11.309932474020162,0.0,8.077173107833207e-05,1.4462178449575358
type1,18980,11.309932474020162,0.0,7.621399144056213e-05,1.4465415575418692
type1,20119,11.309932474020162,0.0,7.19154258784379e-05,1.446866453248292
type1,21327,11.309932474020195,0.0,6.785730715071735e-05,1.447192789603349
type1,22607,11.309932474020227,8.537736462515939e-07,6.402973441118624e-05,1.4475202058336873
type1,23964,11.309932474020195,0.0,6.041766059177593e-05,1.4478488184213183
type1,25402,11.309932474020162,0.0,5.701040982564913e-05,1.4481784303911391
type1,26927,11.309932474020227,8.537736462515939e-07,5.379393325877907e-05,1.448509240859144
type1,28543,11.309932474020162,0.0,5.075993908041608e-05,1.4488409411723162
type1,30257,11.309932474020162,0.0,4.7895488192042125e-05,1.4491737862266185
type1,32073,11.309932474020195,0.0,4.519400663312758e-05,1.4495073747443008
type1,33998,11.309932474020195,0.0,4.264491526716027e-05,1.449841829252915
type1,36039,11.309932474020195,0.0,4.023910713482289e-05,1.450177182031882
type1,38202,11.309932474020195,0.0,3.796956287327644e-05,1.4505132408849066
type1,40495,11.309932474020195,0.0,3.5827881806616165e-05,1.4508500737589216
type1,42925,11.309932474020162,0.0,3.3807513899717075e-05,1.4511875341453555
type1,45502,11.309932474020195,0.0,3.190026425848383e-05,1.4515258242895313
type1,48233,11.309932474020227,8.537736462515939e-07,3.0101065164155097e-05,1.4518646760626928
type1,51128,11.309932474020195,0.0,2.8403304531139057e-05,1.4522041540680777
type1,54197,11.309932474020195,0.0,2.6801192776159852e-05,1.4525442448895356
type1,57450,11.309932474020162,0.0,2.5289553919923623e-05,1.4528848726996122
type1,60899,11.309932474020227,8.537736462515939e-07,2.386288946026782e-05,1.45322610524085
type1,64554,11.309932474020162,0.0,2.2517082582541874e-05,1.453567749033408
type1,68429,11.309932474020162,0.0,2.1246984913300934e-05,1.4539099306322696
type1,72536,11.309932474020195,0.0,2.004870027950475e-05,1.4542525234741563
type1,76890,11.309932474020162,0.0,1.891787739992985e-05,1.454595593280606
type1,81505,11.309932474020162,0.0,1.785091780031913e-05,1.4549390553150106
type1,86397,11.309932474020195,0.0,1.6844137126020137e-05,1.4552829152767617
type1,91583,11.309932474020162,0.0,1.5894076175334822e-05,1.4556271783656891
type1,97080,11.309932474020162,0.0,1.4997649201778868e-05,1.4559717845086926
type1,102907,11.309932474020195,0.0,1.4151775269064334e-05,1.4563167376136035
type1,109084,11.309932474020195,0.0,1.335358101499255e-05,1.4566620314394472
type1,115631,11.309932474020162,0.0,1.260049292348965e-05,1.4570075972360317
type1,122572,11.309932474020162,0.0,1.1889775081777422e-05,1.4573535113236222
type1,129929,11.309932474020195,0.0,1.1219201860881577e-05,1.4576996785824825
type1,137728,11.309932474020195,0.0,1.0586417673156186e-05,1.4580461332884551
type1,145995,11.309932474020195,0.0,9.989334148892186e-06,1.4583928390675147
type1,154758,11.309932474020195,0.0,9.425941023029782e-06,1.458739780842043
type1,164047,11.309932474020195,0.0,8.894322701773259e-06,1.4590869562577977
type1,173894,11.309932474020195,0.0,8.392666618095278e-06,1.4594343688870604
type1,184331,11.309932474020227,8.537736462515939e-07,7.919351374566457e-06,1.4597819582252096
type1,195395,11.309932474020162,0.0,7.472707933043629e-06,1.4601297665770598
type1,207124,11.309932474020195,0.0,7.051224353938818e-06,1.4604777930852237
type1,219556,11.309932474020227,8.537736462515939e-07,6.653546127952642e-06,1.4608259736687703
type1,232734,11.309932474020227,8.537736462515939e-07,6.278301939229152e-06,1.4611743235245576
type1,246704,11.309932474020195,0.0,5.924196059631753e-06,1.461522864695392
type1,261512,11.309932474020162,0.0,5.590074457071455e-06,1.4618715514176703
type1,277208,11.309932474020227,8.537736462515939e-07,5.274813032855636e-06,1.4622203712118451
type1,293847,11.309932474020195,0.0,4.977315928581095e-06,1.4625693536657691
type1,311485,11.309932474020195,0.0,4.696593667289342e-06,1.4629184784556208
type1,330181,11.309932474020227,8.537736462515939e-07,4.431713881619863e-06,1.463267721147128
type1,350000,11.309932474020162,0.0,4.181763150636264e-06,1.4636171027226923
type7,1,11.309932474020162,0.0,0.5,0.5
type7,2,11.272067821734503,0.03786465227759471,0.4289251321713149,0.8578502643426298
type7,3,11.234348145025214,0.07558432899232831,0.37265753332383916,1.1179725999715175
type7,4,11.197627025664966,0.11230544835352647,0.32867176064088655,1.3146870425635462
type7,5,11.162272267776013,0.1476602062420851,0.2940655173964176,1.470327586982088
type7,6,11.128396367070055,0.18153610694838834,0.26644527869016865,1.598671672141012
type7,7,11.095987108539731,0.21394536548096302,0.2440311187420126,1.7082178311940883
type7,8,11.064975684839602,0.24495678917816685,0.22554098880003723,1.8043279104002978
type7,9,11.035271002375637,0.27466147164380394,0.21005450329153724,1.8904905296238352
type7,10,11.006776551911532,0.3031559221077179,0.19690505276323084,1.9690505276323083
type7,11,10.979398417603631,0.330534056414526,0.185603115678676,2.0416342724654357
type7,12,10.95304880198433,0.3568836720342457,0.17578360319417513,2.109403238330102
type7,13,10.927647296990985,0.38228517702878384,0.16716994569572802,2.1732092940444643
type7,14,10.903121043135549,0.40681143088302746,0.1595494617330685,2.233692464262959
type7,15,10.879404364683998,0.43052810933469726,0.15275627664854946,2.291344149728242
type7,16,10.856438183385379,0.45349429063415325,0.14665931632892884,2.3465490612628614
type7,17,10.834169364795972,0.4757631092237373,0.14115374706009545,2.399613700021623
type7,18,10.812550073352106,0.4973824006671229,0.13615478489425575,2.4507861280966035
type7,20,10.771091675835086,0.5388407981846713,0.1274117265474517,2.548234530949034
type7,21,10.751178275552205,0.5587541984674309,0.12356296138098233,2.594822189000629
type7,22,10.731764906497927,0.5781675675209647,0.12000699784037656,2.6401539524882844
type7,23,10.712822380027161,0.5971100939920809,0.11671015794128548,2.684333632649566
type7,25,10.676245571921747,0.633686902098472,0.1107833822724297,2.7695845568107424
type7,26,10.658564571922103,0.6513679020977524,0.10810780517989065,2.810802934677157
type7,28,10.624314476392623,0.6856179976274752,0.10324038805923569,2.8907308656585995
type7,29,10.607708980777577,0.7022234932421024,0.10101871948871305,2.9295428651726785
type7,31,10.57545612909847,0.7344763449211678,0.09693809376717902,3.0050809067825495
type7,33,10.544386105550783,0.765546368469042,0.09327519410867399,3.0780814055862415
type7,35,10.514398610521997,0.7955338634979027,0.08996551306578215,3.1487929573023754
type7,37,10.48540620545018,0.8245262685697285,0.0869574145337942,3.2174243377503853
type7,39,10.45733217556094,0.8526002984588328,0.08420905287091786,3.2841530619657964
type7,42,10.416797103979343,0.8931353700406305,0.08050016157555565,3.3810067861733373
type7,44,10.390739191181906,0.9191932828380479,0.07826370917169218,3.4436032035544555
type7,47,10.352973655035463,0.9569588189848652,0.07520874196510505,3.5348108723599374
type7,50,10.316662296321857,0.9932701776981467,0.07246140976574482,3.623070488287241
type7,53,10.281676454995766,1.0282560190243104,0.06997449479299603,3.7086482240287895
type7,56,10.24790480289163,1.0620276711282675,0.06771019871694757,3.791771128149064
type7,59,10.215250294711561,1.094682179308226,0.06563787944850392,3.8726348874617313
type7,63,10.173303002903085,1.1366294711166292,0.06313063594574123,3.9772300645816974
type7,66,10.142940984364362,1.1669914896552518,0.06141588739031771,4.053448567760969
type7,70,10.103800646741675,1.2061318272778965,0.059319194305845445,4.152343601409181
type7,75,10.056847756897216,1.253084717122524,0.05695917084402792,4.271937813302094
type7,79,10.020724260436914,1.2892082135828875,0.055248930355702,4.364665498100457
type7,84,9.977207093843226,1.332725380176601,0.05330005832929492,4.477204899660774
type7,89,9.935354725062442,1.3745777489578683,0.05153146083615703,4.586300014417976
type7,94,9.895023614674304,1.4149088593458474,0.04991734242399334,4.692230187855373
type7,100,9.848460045837154,1.4614724281827376,0.04815508106124,4.815508106124
type7,106,9.803722458657626,1.5062100153621611,0.04655602929889541,4.934939105682913
type7,112,9.760651058633457,1.5492814153865107,0.04509674568129394,5.050835516304921
type7,119,9.712323337588892,1.5976091364307063,0.043545719585957585,5.181940630728953
type7,126,9.665885953859458,1.6440465201600833,0.042134730578904676,5.308976052941989
type7,134,9.614920754355486,1.6950117196645154,0.040668567902098426,5.449588098881189
type7,142,9.566002066687028,1.7439304073330306,0.03933606286789437,5.585720927241001
type7,150,9.518949855032712,1.7909826189875198,0.03811822372045026,5.71773355806754
type7,159,9.468053930720428,1.841878543299617,0.036866102102384266,5.861710234279098
type7,169,9.413810183062786,1.896122290957276,0.03560059108843028,6.016499893944717
type7,179,9.361777490199179,1.9481549838209198,0.034448457851847074,6.1662739554806265
type7,190,9.30686439838288,2.003068075637257,0.03329317946946578,6.325704099198497
type7,201,9.254170002022608,2.055762471997532,0.03223881277620777,6.480001368017762
type7,213,9.198991348878975,2.1109411251409678,0.03118749445504286,6.6429363189241295
type7,226,9.141689414890132,2.168243059129822,0.030148696397485276,6.813605385831672
type7,240,9.082597411327228,2.227335062692705,0.029129811536240773,6.991154768697785
type7,254,9.025975683750742,2.2839567902693796,0.028199776589076894,7.162743253625531
type7,269,8.967806105672281,2.3421263683477003,0.027288092155769317,7.340496789901946
type7,285,8.908353873304243,2.401578600715724,0.026398938653844364,7.523697516345644
type7,303,8.844382008688601,2.465550465331415,0.02548689823232874,7.722530164395608
type7,321,8.783212925230195,2.5267195487898593,0.024655088633976373,7.9142834515064155
type7,340,8.721409768500427,2.5885227055195723,0.023851832471373704,8.10962304026706
type7,360,8.659147543262264,2.6507849307578386,0.023077820737802596,8.308015465608934
type7,382,8.593670522183558,2.7162619518366222,0.02229937023271503,8.518359428897142
type7,405,8.52828451549269,2.7816479585272407,0.02155587478494354,8.730129287902134
type7,429,8.463094131343242,2.8468383426769988,0.020846024081236408,8.94294433085042
type7,455,8.395654294263815,2.9142781797563964,0.0201424894280402,9.164832689758292
type7,482,8.328806290247824,2.9811261837723046,0.019474012268289074,9.386473913315333
type7,511,8.260291349155692,3.0496411248643933,0.018816748943275435,9.615358710013748
type7,542,8.190468362658942,3.119464111361171,0.018174090706466868,9.850357162905043
type7,575,8.119661218313585,3.190271255706653,0.01754855169351258,10.090417223769734
type7,609,8.050154771508076,3.259777702512066,0.01695850678639621,10.327730632915292
type7,646,7.978121210572373,3.331811263447692,0.016370519043956446,10.575355302395865
type7,684,7.907692647937886,3.4022398260822393,0.01581734120697516,10.819061385571011
type7,726,7.833646735941994,3.4762857380780154,0.015257470553784066,11.076923622047232
type7,769,7.761583137310662,3.5483493367094496,0.01473267572224646,11.329427630407528
type7,815,7.688293351696096,3.621639122324133,0.014218059033529906,11.587718112326874
type7,864,7.614141605247019,3.695790868773064,0.01371585248242669,11.850496544816659
type7,916,7.539452704671147,3.7704797693490506,0.013227694004024251,12.116567707686213
type7,971,7.46451403976007,3.84541843426017,0.012754725724469668,12.384838678460047
type7,1029,7.38957803442448,3.9203544395956524,0.012297683312571212,12.654316128635777
type7,1091,7.313672775721494,3.9962596982987746,0.011850059891710356,12.928415341855999
type7,1157,7.2371782987327595,4.07275417528734,0.011413731979665009,13.205687900472416
type7,1226,7.16149665880295,4.148435815217059,0.010995865870140908,13.480931556792752
type7,1300,7.0847292221932845,4.225203251826752,0.010585332942944366,13.760932825827675
type7,1378,7.008258273178986,4.30167420084119,0.010189066014785525,14.040532968374453
type7,1460,6.9323022929182,4.377630181101808,0.009807389304612607,14.318788384734408
type7,1548,6.855347281644774,4.454585192375313,0.00943224041149496,14.601108156994197
type7,1641,6.778638874251071,4.531293599768997,0.009069335357342286,14.88277932139869
type7,1739,6.702427735917198,4.60750473810296,0.008719220109841663,15.162723771014653
type7,1844,6.625504092500284,4.68442838151968,0.008375934720030112,15.445223623735526
type7,1954,6.549634342367162,4.760298131652988,0.008046891909108922,15.723626790398834
type7,2072,6.47306274476932,4.836869729250957,0.007724036710702019,16.004204064574584
type7,2196,6.397416334571908,4.912516139448277,0.00741385186329484,16.280818691795467
type7,2328,6.321751974757,4.988180499263043,0.007112005061932865,16.55674778417971
type7,2468,6.246408624439002,5.063523849581127,0.006819519288088906,16.83057360300342
type7,2616,6.171673584108505,5.138258889911539,0.006537110197783118,17.101080277400637
type7,2773,6.097328475178162,5.2126039988419075,0.006263573335434071,17.368888859158677
type7,2939,6.023657452883552,5.2862750211364995,0.005999595304805662,17.63281060082384
type7,3115,5.950494259584606,5.359438214435407,0.005744231864578602,17.893282258162344
type7,3302,5.877732399651593,5.432200074368434,0.005496825575091391,18.15051804895177
type7,3501,5.805315141653037,5.504617332367047,0.005256940681635959,18.404549326407494
type7,3711,5.733884110518519,5.576048363501622,0.00502640381647974,18.652984562956316
type7,3934,5.663018198248004,5.646914275772018,0.0048035495179566375,18.897163803641412
type7,4170,5.592991979418407,5.716940494601754,0.0045889730865594554,19.13601777095293
type7,4420,5.523761372563763,5.786171101456354,0.004382261069690229,19.369593928030813
type7,4685,5.455308877327711,5.854623596692434,0.0041831066164368545,19.59785449800666
type7,4966,5.387637737967625,5.922294736052461,0.0039912808138816555,19.820700521736303
type7,5265,5.32055029782614,5.989382176194,0.003806019294202556,20.03869158397646
type7,5581,5.254524869735411,6.055407604284741,0.0036284197580417534,20.250210669631027
type7,5916,5.189366825679538,6.120565648340672,0.003457716186072875,20.455848956807127
type7,6271,5.125118470782045,6.184814003238119,0.0032938035064037727,20.65544178865806
type7,6647,5.0618239588274605,6.248108515192725,0.003136578750475488,20.848838954410567
type7,7046,4.999376267051141,6.310556206969085,0.0029855749634597564,21.036361192537445
type7,7469,4.937849383463976,6.372083090556137,0.0028407804095197204,21.21778887870279
type7,7917,4.877309777263429,6.43262269675674,0.002702153761190105,21.39295132734206
type7,8392,4.817694895429549,6.492237578590437,0.0025693596876969495,21.5620664991528
type7,8896,4.758968508798454,6.55096396522156,0.002442139914161874,21.72527667638403
type7,9430,4.701218916956652,6.608713557063401,0.0023205080575156843,21.882390982372904
type7,9996,4.644422889159549,6.665509584860593,0.002204235996722846,22.033543023241567
type7,10596,4.58857128948314,6.721361184536884,0.0020931327305159374,22.178834412546873
type7,11232,4.533665191448309,6.776267282571914,0.001987032420220513,22.3183481439168
type7,11906,4.479712655809818,6.830219818210244,0.0018857852349612235,22.452159007448326
type7,12621,4.426654637212651,6.883277836807365,0.0017891222657822876,22.580512116438253
type7,13378,4.3745876771794,6.9353447968407975,0.0016970611085621436,22.703283510344356
type7,14182,4.323341716373199,6.9865907576469395,0.0016091513072610225,22.82098383957582
type7,15033,4.273084399084118,7.036848074936017,0.0015255334105344924,22.933343760565023
type7,15935,4.223731692883708,7.086200781136394,0.001445916541149504,23.040680083217346
type7,16892,4.175226673994502,7.134705800025577,0.0013700709021543453,23.143237679191202
type7,17905,4.127669147978083,7.182263326042033,0.0012980136771425655,23.240934889237636
type7,18980,4.080925800564162,7.22900667345591,0.0012294086273422042,23.334175746955037
type7,20119,4.035059508526547,7.274872965493586,0.0011642209841453677,23.422961980020652
type7,21327,3.9900122959043673,7.31992017811582,0.0011022429876989238,23.507536198654947
type7,22607,3.9458126131676905,7.364119860852418,0.001043392535079008,23.587975040531134
type7,23964,3.902422993540837,7.407509480479214,0.0009875011581764028,23.664477754539316
type7,25402,3.859848094194554,7.450084379825594,0.0009344605037049965,23.73716571511432
type7,26927,3.818041552701973,7.491890921318237,0.0008841031350965233,23.806245118744084
type7,28543,3.777021974795573,7.532910499224625,0.0008363455329056365,23.87181054572558
type7,30257,3.736737878024096,7.573194595995911,0.0007910257861926422,23.934067212830776
type7,32073,3.697217971192974,7.612714502827159,0.0007480775663168178,23.993091784479297
type7,33998,3.6584274785206574,7.651504995499616,0.000707366797567603,24.049056383703366
type7,36039,3.620343641328582,7.689588832691477,0.0006687785178457001,24.102109004641186
type7,38202,3.582969333541768,7.726963140478368,0.0006322275923858217,24.15235848432316
type7,40495,3.546278240797303,7.763654233222836,0.0005976034150820456,24.199950293747438
type7,42925,3.5102679321171655,7.799664541902704,0.0005648222339882628,24.24499439394618
type7,45502,3.4748992225356696,7.835033251484256,0.0005337708754793198,24.28764237606001
type7,48233,3.44018292318563,7.869749550834327,0.0005043845579965103,24.32798038584568
type7,51128,3.406095131054818,7.903837342965136,0.00047657121219215384,24.36613293696044
type7,54197,3.372620642479775,7.937311831540435,0.00045025019087053825,24.40220959461056
type7,57450,3.3397506612433774,7.97018181277679,0.00042534915843645433,24.4363091521743
type7,60899,3.3074629061540546,8.002469567866163,0.000401788869630924,24.468540371653642
type7,64554,3.2757601214969685,8.034172352523088,0.00037951146591817754,24.49898317088203
type7,68429,3.2446153363705466,8.065317137649485,0.0003584407613705244,24.527742859823615
type7,72536,3.214025356045989,8.095907117974079,0.0003385201588162649,24.55489823989659
type7,76890,3.183969930365707,8.125962543654525,0.00031968448439531686,24.580540005155914
type7,81505,3.154442534780952,8.15548993923922,0.0003018801689302917,24.604743168663425
type7,86397,3.1254290029744465,8.18450347104541,0.00028505140092702805,24.627585885892444
type7,91583,3.0969156994517624,8.213016774568224,0.0002691453898645971,24.649142239969393
type7,97080,3.068894714678285,8.241037759341749,0.0002541149436520873,24.669478729744636
type7,102907,3.0413531458865655,8.26857932813344,0.00023991237240078304,24.68866250664738
type7,109084,3.0142793163671433,8.29565315765274,0.00022649294727926397,24.70675666101123
type7,115631,2.987666684428076,8.322265789592091,0.00021381652009592813,24.723818035212265
type7,122572,2.961497845636813,8.348434628383293,0.0002018397971010564,24.739907610270684
type7,129929,2.9357688094827443,8.374163664537528,0.00019052771277978183,24.755075193764274
type7,137728,2.9104660857189897,8.399466388301196,0.000179842688871147,24.769373852845334
type7,145995,2.885581740158928,8.424350733861145,0.0001697513672976952,24.782850868627012
type7,154758,2.8611065109192073,8.448825963101019,0.0001602214552169242,24.795551966460756
type7,164047,2.837030521876341,8.472901952143827,0.0001512220332993114,24.807520896652136
type7,173894,2.8133438072218753,8.496588666798237,0.00014272372369750994,24.818799208654795
type7,184331,2.790040987021797,8.519891486998157,0.0001347002090982384,24.82942424328738
type7,195395,2.7671099911969845,8.542822482823007,0.00012712420723043824,24.83943447179148
type7,207124,2.744542002682855,8.5653904713372,0.00011997095880603364,24.84886487174091
type7,219556,2.7223324788249217,8.587599995195212,0.00011321825372438835,24.85774691471181
type7,232734,2.7004719483758888,8.609460525644279,0.000106843488480672,24.86611244806072
type7,246704,2.6789508482946096,8.630981625725378,0.00010082524648876425,24.873991609764097
type7,261512,2.6577640432306757,8.652168430789171,9.514443449081184e-05,24.881411352561187
type7,277208,2.6369044914695863,8.673027982550456,8.978239418469246e-05,24.888397927150226
type7,293847,2.6163628874776936,8.693569586542397,8.472088163642531e-05,24.89497690621867
type7,311485,2.5961331345161796,8.713799339503794,7.994340481902826e-05,24.90117145005502
type7,330181,2.5762095161194147,8.73372295790065,7.543439325442479e-05,24.90700339913923
type7,350000,2.5565839135936725,8.753348560426362,7.11785546021792e-05,24.912494110762722
